{"stats":{"minecraft:picked_up":{"minecraft:iron_chestplate":5,"minecraft:crafting_table":8,"minecraft:feather":4,"minecraft:chicken":2,"minecraft:clay_ball":4,"minecraft:leather":2,"minecraft:brown_wool":1,"minecraft:acacia_wood":2,"minecraft:oak_log":17,"minecraft:yellow_bed":4,"minecraft:shield":2,"minecraft:iron_axe":3,"minecraft:string":3,"minecraft:dirt":17,"minecraft:iron_leggings":6,"minecraft:cooked_mutton":9,"minecraft:bone":1,"minecraft:acacia_planks":2,"minecraft:wheat_seeds":12,"minecraft:iron_ingot":8,"minecraft:beef":8,"minecraft:oak_boat":1,"minecraft:calcite":1,"minecraft:melon_slice":67,"minecraft:iron_boots":7,"minecraft:egg":1,"minecraft:furnace":6,"minecraft:golden_helmet":3,"minecraft:raw_iron":49,"minecraft:dandelion":1,"minecraft:torch":3,"minecraft:acacia_log":23,"minecraft:porkchop":10,"minecraft:white_bed":3,"minecraft:orange_bed":4,"minecraft:stripped_acacia_log":1,"minecraft:arrow":1,"minecraft:rotten_flesh":2,"minecraft:iron_helmet":2,"minecraft:hay_block":30,"minecraft:bread":264,"minecraft:black_wool":1,"minecraft:mutton":13,"minecraft:coal":52,"minecraft:white_wool":13,"minecraft:cobblestone":56,"minecraft:sunflower":1},"minecraft:killed":{"minecraft:pig":5,"minecraft:spider":1,"minecraft:iron_golem":1,"minecraft:sheep":7,"minecraft:skeleton":1,"minecraft:zombie":1,"minecraft:chicken":2,"minecraft:cow":4},"minecraft:broken":{"minecraft:stone_pickaxe":1},"minecraft:custom":{"minecraft:interact_with_furnace":89,"minecraft:mob_kills":22,"minecraft:interact_with_crafting_table":20,"minecraft:leave_game":1,"minecraft:time_since_death":1949,"minecraft:sleep_in_bed":7,"minecraft:climb_one_cm":3315,"minecraft:time_since_rest":1981,"minecraft:sprint_one_cm":331222,"minecraft:damage_taken":2975,"minecraft:walk_one_cm":210153,"minecraft:damage_blocked_by_shield":1304,"minecraft:drop":75,"minecraft:damage_dealt":6021,"minecraft:talked_to_villager":1,"minecraft:swim_one_cm":81983,"minecraft:fly_one_cm":437770,"minecraft:player_kills":4,"minecraft:open_chest":13,"minecraft:crouch_one_cm":9714,"minecraft:play_time":96316,"minecraft:deaths":3,"minecraft:sneak_time":4028,"minecraft:walk_under_water_one_cm":24097,"minecraft:boat_one_cm":23633,"minecraft:jump":2156,"minecraft:walk_on_water_one_cm":40532,"minecraft:total_world_time":96316,"minecraft:fall_one_cm":60479},"minecraft:crafted":{"minecraft:cooked_beef":10,"minecraft:cooked_porkchop":5,"minecraft:wooden_pickaxe":1,"minecraft:iron_helmet":1,"minecraft:furnace":3,"minecraft:bucket":1,"minecraft:stone_axe":1,"minecraft:cooked_mutton":8,"minecraft:air":0,"minecraft:iron_boots":1,"minecraft:iron_chestplate":1,"minecraft:shield":2,"minecraft:iron_axe":2,"minecraft:stick":16,"minecraft:iron_ingot":41,"minecraft:stone_pickaxe":2,"minecraft:chest":2,"minecraft:iron_leggings":1,"minecraft:acacia_planks":104,"minecraft:wheat":9},"minecraft:used":{"minecraft:cooked_mutton":7,"minecraft:water_bucket":29,"minecraft:stone_pickaxe":136,"minecraft:chest":2,"minecraft:wooden_pickaxe":6,"minecraft:shield":27,"minecraft:white_wool":6,"minecraft:iron_chestplate":3,"minecraft:orange_bed":4,"minecraft:dirt":17,"minecraft:crafting_table":7,"minecraft:white_bed":3,"minecraft:sunflower":1,"minecraft:iron_axe":108,"minecraft:bread":39,"minecraft:melon_slice":8,"minecraft:iron_helmet":3,"minecraft:iron_boots":3,"minecraft:stone_axe":116,"minecraft:cobblestone":6,"minecraft:furnace":6,"minecraft:bucket":30,"minecraft:yellow_bed":4,"minecraft:egg":1,"minecraft:iron_leggings":2,"minecraft:dandelion":1,"minecraft:acacia_planks":23},"minecraft:mined":{"minecraft:acacia_leaves":1,"minecraft:white_bed":5,"minecraft:clay":1,"minecraft:crafting_table":8,"minecraft:acacia_log":23,"minecraft:grass_block":4,"minecraft:calcite":1,"minecraft:melon":14,"minecraft:tall_grass":6,"minecraft:cobblestone":8,"minecraft:hay_block":28,"minecraft:tall_seagrass":2,"minecraft:furnace":6,"minecraft:iron_ore":49,"minecraft:acacia_wood":2,"minecraft:yellow_bed":4,"minecraft:azure_bluet":1,"minecraft:oak_log":16,"minecraft:grass":15,"minecraft:coal_ore":39,"minecraft:dirt_path":3,"minecraft:dirt":7,"minecraft:stripped_acacia_log":1,"minecraft:acacia_planks":1,"minecraft:stone":38,"minecraft:oak_leaves":5,"minecraft:orange_bed":4},"minecraft:killed_by":{"minecraft:player":3},"minecraft:dropped":{"minecraft:iron_ingot":8,"minecraft:bread":65,"minecraft:furnace":2,"minecraft:wheat_seeds":11,"minecraft:golden_helmet":3,"minecraft:rotten_flesh":2,"minecraft:iron_boots":5,"minecraft:feather":3,"minecraft:cobblestone":5,"minecraft:coal":7,"minecraft:stick":2,"minecraft:hay_block":29,"minecraft:shield":1,"minecraft:iron_chestplate":3,"minecraft:melon_slice":6,"minecraft:brown_wool":1,"minecraft:oak_boat":1,"minecraft:iron_leggings":4,"minecraft:iron_axe":1,"minecraft:calcite":1,"minecraft:string":1,"minecraft:white_wool":7,"minecraft:acacia_planks":6}},"DataVersion":3465}