{"stats":{"minecraft:picked_up":{"minecraft:wheat":1,"minecraft:crafting_table":6,"minecraft:feather":5,"minecraft:chicken":5,"minecraft:tripwire_hook":2,"minecraft:yellow_wool":5,"minecraft:leather":5,"minecraft:potato":4,"minecraft:yellow_bed":6,"minecraft:acacia_boat":6,"minecraft:dirt":432,"minecraft:string":12,"minecraft:beetroot":3,"minecraft:acacia_trapdoor":7,"minecraft:wheat_seeds":30,"minecraft:smooth_stone":1,"minecraft:iron_ingot":5,"minecraft:bell":1,"minecraft:grindstone":4,"minecraft:beef":8,"minecraft:poppy":1,"minecraft:egg":2,"minecraft:furnace":1,"minecraft:oak_slab":18,"minecraft:raw_iron":5,"minecraft:torch":17,"minecraft:acacia_log":18,"minecraft:porkchop":2,"minecraft:carrot":12,"minecraft:white_bed":14,"minecraft:rotten_flesh":6,"minecraft:beetroot_seeds":16,"minecraft:lever":1,"minecraft:gray_wool":2,"minecraft:bread":1,"minecraft:mutton":19,"minecraft:coal":49,"minecraft:white_wool":13,"minecraft:cobblestone":557},"minecraft:killed":{"minecraft:pig":2,"minecraft:spider":2,"minecraft:iron_golem":1,"minecraft:sheep":11,"minecraft:zombie":1,"minecraft:chicken":5,"minecraft:cow":3},"minecraft:broken":{"minecraft:stone_pickaxe":1,"minecraft:iron_pickaxe":2,"minecraft:stone_shovel":1},"minecraft:custom":{"minecraft:interact_with_furnace":12,"minecraft:mob_kills":25,"minecraft:interact_with_crafting_table":29,"minecraft:interact_with_grindstone":3,"minecraft:leave_game":1,"minecraft:time_since_death":121383,"minecraft:sleep_in_bed":4,"minecraft:time_since_rest":28910,"minecraft:sprint_one_cm":142895,"minecraft:damage_taken":405,"minecraft:walk_one_cm":420940,"minecraft:drop":18,"minecraft:damage_dealt":3135,"minecraft:talked_to_villager":3,"minecraft:fly_one_cm":39883,"minecraft:open_chest":57,"minecraft:crouch_one_cm":695,"minecraft:play_time":121383,"minecraft:sneak_time":636,"minecraft:walk_under_water_one_cm":4652,"minecraft:boat_one_cm":21950,"minecraft:jump":866,"minecraft:walk_on_water_one_cm":18547,"minecraft:total_world_time":121383,"minecraft:fall_one_cm":16148},"minecraft:crafted":{"minecraft:stone_shovel":2,"minecraft:tripwire_hook":2,"minecraft:cooked_porkchop":2,"minecraft:crafting_table":1,"minecraft:baked_potato":15,"minecraft:wooden_pickaxe":1,"minecraft:cooked_chicken":5,"minecraft:acacia_trapdoor":2,"minecraft:furnace":1,"minecraft:yellow_bed":1,"minecraft:bucket":2,"minecraft:lever":1,"minecraft:stone_axe":4,"minecraft:acacia_boat":1,"minecraft:cooked_mutton":13,"minecraft:air":0,"minecraft:stick":28,"minecraft:iron_ingot":5,"minecraft:iron_pickaxe":1,"minecraft:stone_pickaxe":1,"minecraft:stone_sword":1,"minecraft:chest":3,"minecraft:white_bed":4,"minecraft:acacia_planks":72,"minecraft:torch":28,"minecraft:shears":1},"minecraft:used":{"minecraft:water_bucket":3,"minecraft:wheat_seeds":28,"minecraft:cooked_mutton":3,"minecraft:acacia_boat":6,"minecraft:stone_sword":126,"minecraft:acacia_trapdoor":7,"minecraft:stone_shovel":239,"minecraft:stone_pickaxe":131,"minecraft:baked_potato":6,"minecraft:chest":3,"minecraft:wooden_pickaxe":22,"minecraft:torch":29,"minecraft:dirt":274,"minecraft:oak_slab":6,"minecraft:crafting_table":7,"minecraft:carrot":5,"minecraft:white_bed":17,"minecraft:lever":1,"minecraft:string":8,"minecraft:iron_pickaxe":500,"minecraft:stone_axe":54,"minecraft:tripwire_hook":2,"minecraft:cobblestone":89,"minecraft:grindstone":4,"minecraft:furnace":2,"minecraft:beetroot_seeds":13,"minecraft:bucket":3,"minecraft:yellow_bed":7},"minecraft:mined":{"minecraft:oak_slab":19,"minecraft:acacia_leaves":4,"minecraft:white_bed":14,"minecraft:crafting_table":6,"minecraft:torch":3,"minecraft:acacia_log":18,"minecraft:grass_block":44,"minecraft:tall_grass":4,"minecraft:cobblestone":58,"minecraft:grindstone":4,"minecraft:wall_torch":5,"minecraft:smooth_stone":1,"minecraft:furnace":1,"minecraft:carrots":12,"minecraft:acacia_trapdoor":7,"minecraft:yellow_wool":5,"minecraft:iron_ore":5,"minecraft:wheat":22,"minecraft:yellow_bed":6,"minecraft:grass":25,"minecraft:potatoes":5,"minecraft:coal_ore":48,"minecraft:beetroots":11,"minecraft:dirt_path":26,"minecraft:dirt":358,"minecraft:stone":502,"minecraft:white_wool":4,"minecraft:tripwire":2},"minecraft:dropped":{"minecraft:bread":12,"minecraft:white_bed":1,"minecraft:carrot":7,"minecraft:dirt":8}},"DataVersion":3465}