{"stats":{"minecraft:dropped":{"minecraft:ender_pearl":1,"minecraft:iron_helmet":1,"minecraft:leather":4,"minecraft:stick":24,"minecraft:iron_leggings":1,"minecraft:string":5,"minecraft:birch_log":41,"spore:claw_fragment":1,"minecraft:iron_boots":1,"sophisticatedbackpacks:backpack":1,"spore:mutated_fiber":3,"spore:altered_spleen":1,"minecraft:iron_chestplate":1,"minecraft:andesite":24,"minecraft:ladder":39,"minecraft:stone_bricks":20},"minecraft:killed":{"minecraft:pig":1,"spore:inf_player":1,"spore:stalker":1,"minecraft:cow":9},"minecraft:custom":{"minecraft:mob_kills":12,"minecraft:animals_bred":6,"minecraft:interact_with_crafting_table":31,"minecraft:leave_game":2,"minecraft:time_since_death":40698,"minecraft:climb_one_cm":6095,"minecraft:sprint_one_cm":222666,"minecraft:walk_one_cm":530461,"minecraft:drop":20,"minecraft:play_time":113580,"minecraft:deaths":1,"minecraft:sneak_time":2725,"minecraft:walk_under_water_one_cm":1274,"minecraft:jump":718,"minecraft:walk_on_water_one_cm":4307,"minecraft:total_world_time":113580,"minecraft:interact_with_furnace":26,"minecraft:sleep_in_bed":4,"minecraft:time_since_rest":20736,"minecraft:damage_taken":600,"minecraft:damage_dealt":1331,"minecraft:fly_one_cm":43590,"minecraft:open_chest":57,"minecraft:crouch_one_cm":9166,"minecraft:fall_one_cm":12887},"minecraft:mined":{"minecraft:spruce_trapdoor":9,"minecraft:granite":13,"minecraft:ladder":2,"minecraft:spruce_fence":3,"minecraft:white_stained_glass":2,"minecraft:sandstone":4,"minecraft:smooth_stone":6,"biomesoplenty:jacaranda_log":27,"minecraft:andesite":8,"biomesoplenty:magic_log":210,"biomesoplenty:high_grass":1,"minecraft:lantern":1,"minecraft:stone":123,"sophisticatedbackpacks:backpack":1,"biomesoplenty:jacaranda_leaves":2,"minecraft:spruce_door":2,"minecraft:crafting_table":2,"minecraft:torch":1,"minecraft:chest":10,"minecraft:campfire":8,"biomesoplenty:high_grass_plant":4,"minecraft:tall_grass":2,"minecraft:copper_ore":1,"biomesoplenty:sprout":28,"minecraft:spruce_stairs":1,"minecraft:birch_log":73,"minecraft:wheat":3,"minecraft:grass":8,"minecraft:coal_ore":69,"minecraft:oak_log":34,"minecraft:sand":8,"minecraft:dirt":128,"minecraft:cobweb":1,"minecraft:stone_bricks":108,"minecraft:spruce_fence_gate":1,"minecraft:oak_leaves":6},"minecraft:crafted":{"minecraft:oak_planks":40,"minecraft:cooked_chicken":2,"minecraft:cooked_mutton":5,"minecraft:ladder":39,"minecraft:stone_pickaxe":4,"minecraft:chest":9,"biomesoplenty:magic_planks":64,"minecraft:cooked_rabbit":2,"minecraft:cooked_beef":8,"minecraft:item_frame":5,"biomesoplenty:jacaranda_planks":108,"minecraft:cooked_porkchop":1,"minecraft:crafting_table":5,"minecraft:wooden_pickaxe":2,"minecraft:birch_planks":128,"minecraft:stone_axe":2,"minecraft:air":0,"minecraft:stone_brick_stairs":8,"minecraft:stick":232,"minecraft:iron_ingot":3,"minecraft:iron_pickaxe":1,"minecraft:stone_sword":1,"minecraft:torch":52},"minecraft:used":{"minecraft:stone_sword":61,"minecraft:armor_stand":2,"minecraft:ladder":2,"minecraft:chest":19,"minecraft:torch":5,"minecraft:dirt":7,"minecraft:mutton":1,"minecraft:spruce_stairs":1,"minecraft:spruce_fence":1,"minecraft:granite":10,"minecraft:lantern":2,"minecraft:iron_axe":267,"minecraft:stone_brick_stairs":4,"minecraft:stone_bricks":35,"minecraft:item_frame":8,"biomesoplenty:jacaranda_sapling":6,"minecraft:cooked_beef":2,"minecraft:wheat_seeds":9,"minecraft:cooked_mutton":3,"minecraft:stone_pickaxe":303,"minecraft:oak_planks":2,"minecraft:wooden_pickaxe":33,"minecraft:sandstone":4,"minecraft:sand":8,"minecraft:crafting_table":7,"minecraft:oak_log":1,"sophisticatedbackpacks:backpack":1,"minecraft:bread":1,"minecraft:stone_axe":173,"minecraft:cobblestone":29},"minecraft:broken":{"minecraft:stone_pickaxe":2,"minecraft:iron_axe":1},"minecraft:picked_up":{"minecraft:charcoal":16,"minecraft:iron_chestplate":4,"minecraft:crafting_table":2,"minecraft:wheat":6,"minecraft:azure_bluet":1,"minecraft:chicken":2,"minecraft:ladder":2,"biomesoplenty:jacaranda_sapling":10,"minecraft:string":5,"minecraft:raw_copper":6,"minecraft:iron_axe":1,"minecraft:iron_leggings":4,"minecraft:armor_stand":4,"minecraft:item_frame":3,"minecraft:smooth_stone":6,"minecraft:beef":16,"minecraft:chest":10,"minecraft:birch_sapling":54,"minecraft:spruce_trapdoor":9,"minecraft:iron_boots":4,"minecraft:stick":41,"minecraft:sandstone":4,"minecraft:torch":51,"minecraft:spruce_fence":3,"minecraft:spruce_stairs":1,"sophisticatedbackpacks:backpack":2,"minecraft:porkchop":1,"minecraft:stone_sword":2,"biomesoplenty:jacaranda_log":27,"minecraft:mutton":6,"minecraft:skeleton_skull":1,"minecraft:cobblestone":206,"minecraft:birch_log":73,"spore:altered_spleen":1,"minecraft:andesite":32,"minecraft:leather":11,"minecraft:oak_log":34,"minecraft:dirt":125,"minecraft:lantern":5,"minecraft:cooked_mutton":1,"minecraft:bone":1,"minecraft:stone_bricks":109,"minecraft:wheat_seeds":9,"minecraft:stone_pickaxe":1,"biomesoplenty:magic_log":202,"spore:mutated_fiber":3,"minecraft:rabbit":2,"minecraft:oak_planks":8,"biomesoplenty:magic_sapling":37,"minecraft:sand":8,"minecraft:spruce_door":2,"spore:claw_fragment":1,"minecraft:spruce_fence_gate":1,"minecraft:stone_axe":1,"minecraft:iron_helmet":4,"minecraft:granite":16,"minecraft:bread":1,"minecraft:oak_sapling":15,"minecraft:coal":69,"minecraft:ender_pearl":1}},"DataVersion":3465}