{"stats":{"minecraft:mined":{"minecraft:sand":5},"minecraft:custom":{"minecraft:jump":6,"minecraft:time_since_rest":874,"minecraft:crouch_one_cm":534,"minecraft:leave_game":2,"minecraft:play_time":874,"minecraft:sprint_one_cm":749,"minecraft:time_since_death":874,"minecraft:walk_one_cm":1318,"minecraft:sneak_time":120,"minecraft:total_world_time":874,"minecraft:fall_one_cm":209,"minecraft:fly_one_cm":963},"minecraft:used":{"minecraft:sand":5},"minecraft:picked_up":{"minecraft:sand":5}},"DataVersion":3465}