{"stats":{"minecraft:killed":{"minecraft:villager":9},"minecraft:picked_up":{"minecraft:ladder":10,"minecraft:oak_stairs":2,"minecraft:oak_log":5,"minecraft:string":344,"minecraft:dirt":5,"minecraft:wheat_seeds":4,"minecraft:cobbled_deepslate":16,"minecraft:iron_ingot":10,"minecraft:bamboo":26,"minecraft:melon_slice":52,"minecraft:chest":1,"minecraft:torch":6,"minecraft:lever":1,"minecraft:bread":64,"minecraft:hopper":16,"minecraft:cobblestone":13},"minecraft:mined":{"minecraft:lever":1,"minecraft:ladder":5,"minecraft:grass_block":3,"minecraft:melon":11,"minecraft:chest":1,"minecraft:cobblestone":20,"minecraft:hopper":13,"minecraft:cobbled_deepslate":19,"minecraft:grass":11,"minecraft:oak_log":5,"minecraft:oak_stairs":2,"minecraft:dirt":2,"minecraft:bamboo":2,"minecraft:oak_leaves":2,"minecraft:tripwire":5,"minecraft:fern":1},"minecraft:used":{"minecraft:oak_trapdoor":9,"minecraft:water_bucket":7,"minecraft:stone_sword":29,"minecraft:dirt_path":1,"minecraft:ladder":16,"minecraft:oak_planks":182,"minecraft:chest":7,"minecraft:torch":23,"minecraft:dirt":175,"minecraft:crafting_table":1,"minecraft:oak_slab":11,"minecraft:hopper":17,"minecraft:white_bed":12,"minecraft:shears":10,"minecraft:lever":2,"minecraft:villager_spawn_egg":10,"minecraft:grass_block":46,"minecraft:oak_stairs":2,"minecraft:melon_slice":30,"minecraft:string":21,"minecraft:iron_pickaxe":53,"minecraft:barrel":12,"minecraft:tripwire_hook":2,"minecraft:cobblestone":71,"minecraft:furnace":6,"minecraft:bucket":7,"minecraft:yellow_bed":2,"minecraft:cobbled_deepslate":53},"minecraft:dropped":{"minecraft:oak_slab":1,"minecraft:wheat_seeds":2,"minecraft:cobbled_deepslate":1},"minecraft:crafted":{"minecraft:oak_planks":276,"minecraft:emerald":4,"minecraft:tripwire_hook":2,"minecraft:crafting_table":1,"minecraft:furnace":6,"minecraft:stone":64,"minecraft:lever":1,"minecraft:bucket":1,"minecraft:air":0,"minecraft:oak_trapdoor":2,"minecraft:ladder":6,"minecraft:stick":84,"minecraft:iron_ingot":3,"minecraft:iron_pickaxe":1,"minecraft:stone_pickaxe":1,"minecraft:oak_stairs":4,"minecraft:chest":10,"minecraft:shears":1},"minecraft:custom":{"minecraft:interact_with_furnace":14,"minecraft:mob_kills":10,"minecraft:inspect_hopper":1,"minecraft:traded_with_villager":4,"minecraft:interact_with_crafting_table":14,"minecraft:open_barrel":1,"minecraft:leave_game":3,"minecraft:time_since_death":72102,"minecraft:sleep_in_bed":1,"minecraft:climb_one_cm":13515,"minecraft:time_since_rest":52637,"minecraft:sprint_one_cm":113423,"minecraft:damage_taken":363,"minecraft:walk_one_cm":136134,"minecraft:drop":3,"minecraft:damage_dealt":2064,"minecraft:talked_to_villager":13,"minecraft:swim_one_cm":5264,"minecraft:fly_one_cm":255423,"minecraft:open_chest":18,"minecraft:crouch_one_cm":42864,"minecraft:play_time":72102,"minecraft:sneak_time":12778,"minecraft:walk_under_water_one_cm":18660,"minecraft:jump":1080,"minecraft:walk_on_water_one_cm":25048,"minecraft:total_world_time":72102,"minecraft:fall_one_cm":21900}},"DataVersion":3465}