{"stats":{"minecraft:dropped":{"croptopia:beef_stew":6,"minecraft:iron_axe":1,"sophisticatedbackpacks:backpack":1,"minecraft:stone_bricks":1},"minecraft:killed":{"spore:leaper":1,"monsterplus:glow_skeleton":1,"spore:inf_pillager":2,"spore:inf_villager":1,"spore:inf_human":1,"monsterplus:overgrown_skeleton":14,"spore:slasher":1,"minecraft:cow":5},"minecraft:custom":{"minecraft:mob_kills":26,"minecraft:animals_bred":3,"minecraft:interact_with_crafting_table":17,"minecraft:open_barrel":2,"minecraft:bell_ring":3,"minecraft:leave_game":4,"minecraft:time_since_death":209408,"minecraft:climb_one_cm":11053,"minecraft:sprint_one_cm":422087,"minecraft:walk_one_cm":445313,"minecraft:drop":4,"minecraft:play_time":209408,"minecraft:sneak_time":36617,"minecraft:walk_under_water_one_cm":9477,"minecraft:jump":2028,"minecraft:walk_on_water_one_cm":5733,"minecraft:total_world_time":209408,"minecraft:interact_with_furnace":17,"minecraft:interact_with_cartography_table":1,"minecraft:sleep_in_bed":4,"minecraft:time_since_rest":59573,"minecraft:damage_taken":484,"minecraft:damage_dealt":4732,"minecraft:swim_one_cm":18524,"minecraft:fly_one_cm":787693,"minecraft:open_chest":44,"minecraft:crouch_one_cm":93280,"minecraft:fall_one_cm":20713},"minecraft:mined":{"minecraft:tuff":13,"minecraft:white_bed":1,"minecraft:deepslate_diamond_ore":19,"minecraft:ladder":32,"minecraft:granite":12,"minecraft:stone_button":1,"minecraft:grass_block":3,"minecraft:hay_block":6,"minecraft:furnace":7,"minecraft:iron_ore":7,"minecraft:cobbled_deepslate":12,"minecraft:andesite":7,"biomesoplenty:high_grass":2,"minecraft:deepslate_iron_ore":6,"minecraft:stone":77,"sophisticatedbackpacks:backpack":1,"minecraft:crafting_table":2,"minecraft:chest":2,"biomesoplenty:high_grass_plant":11,"minecraft:tall_grass":1,"minecraft:sugar_cane":2,"minecraft:oak_planks":1,"minecraft:diorite":13,"minecraft:wheat":42,"minecraft:white_carpet":3,"minecraft:tnt":1,"minecraft:stone_brick_stairs":3,"minecraft:grass":14,"elevatorid:elevator_white":5,"minecraft:coal_ore":19,"minecraft:gravel":30,"minecraft:sand":1,"minecraft:dirt":25,"minecraft:cobweb":37,"minecraft:stone_bricks":2,"minecraft:deepslate":146},"minecraft:crafted":{"minecraft:furnace":13,"minecraft:iron_axe":2,"minecraft:ladder":9,"minecraft:stone_pickaxe":1,"minecraft:chest":5,"sophisticatedbackpacks:iron_backpack":1,"minecraft:wheat":54,"sophisticatedbackpacks:backpack":2,"elevatorid:elevator_white":2,"minecraft:crafting_table":1,"minecraft:bucket":1,"minecraft:birch_planks":164,"minecraft:air":0,"minecraft:stone_brick_stairs":4,"minecraft:diamond_pickaxe":1,"minecraft:stick":32,"minecraft:iron_ingot":7,"minecraft:iron_pickaxe":1,"minecraft:torch":76},"minecraft:used":{"minecraft:oak_fence":1,"minecraft:stone_sword":1,"minecraft:spruce_slab":68,"minecraft:ladder":33,"minecraft:spruce_planks":348,"minecraft:chest":249,"minecraft:iron_sword":46,"minecraft:torch":362,"minecraft:dirt":7,"minecraft:white_carpet":2,"minecraft:spruce_stairs":62,"minecraft:oak_wood":27,"minecraft:stripped_spruce_log":121,"minecraft:dark_oak_planks":68,"minecraft:lantern":5,"minecraft:oak_stairs":7,"minecraft:iron_axe":63,"minecraft:barrel":44,"minecraft:stone_brick_stairs":47,"minecraft:stone_bricks":71,"minecraft:item_frame":2,"minecraft:glowstone":61,"minecraft:furnace":17,"minecraft:cobbled_deepslate":166,"minecraft:wheat_seeds":36,"minecraft:cooked_mutton":2,"minecraft:water_bucket":11,"minecraft:birch_planks":2,"minecraft:stone_pickaxe":131,"minecraft:oak_planks":200,"minecraft:diamond_axe":14,"elevatorid:elevator_white":10,"minecraft:glow_berries":1,"minecraft:sand":1,"minecraft:oak_slab":45,"minecraft:crafting_table":2,"minecraft:white_bed":1,"sophisticatedbackpacks:backpack":1,"minecraft:diamond_pickaxe":15,"minecraft:apple":5,"minecraft:bread":10,"minecraft:iron_pickaxe":202,"minecraft:stone_button":1,"minecraft:spruce_trapdoor":82,"minecraft:stripped_oak_wood":29,"minecraft:bucket":12,"minecraft:chain":4,"minecraft:pumpkin_pie":2,"minecraft:smooth_stone":129},"minecraft:broken":{"minecraft:stone_pickaxe":1},"minecraft:picked_up":{"spore:mutated_heart":1,"minecraft:iron_chestplate":1,"minecraft:crafting_table":2,"minecraft:wheat":42,"minecraft:ladder":72,"minecraft:leather_leggings":3,"minecraft:stone_brick_stairs":3,"spore:sickle_fragment":1,"minecraft:string":42,"spore:innards":1,"minecraft:armor_stand":3,"minecraft:iron_leggings":1,"minecraft:white_carpet":3,"minecraft:item_frame":3,"minecraft:cobbled_deepslate":158,"minecraft:beef":11,"minecraft:sugar_cane":5,"minecraft:chest":2,"minecraft:iron_boots":1,"minecraft:furnace":7,"minecraft:stick":25,"minecraft:raw_iron":13,"minecraft:torch":34,"minecraft:spruce_fence":1,"sophisticatedbackpacks:backpack":2,"minecraft:stone_button":1,"minecraft:diorite":13,"minecraft:vine":5,"minecraft:tnt":1,"monsterplus:crystal_clump":2,"minecraft:stone_sword":1,"minecraft:arrow":24,"minecraft:pumpkin_pie":2,"minecraft:diamond_boots":3,"minecraft:hay_block":6,"minecraft:glow_berries":8,"minecraft:cobblestone":77,"minecraft:birch_log":41,"minecraft:leather_chestplate":3,"spore:altered_spleen":1,"minecraft:glow_ink_sac":5,"minecraft:andesite":7,"minecraft:leather":8,"minecraft:flint":3,"minecraft:tuff":13,"minecraft:dirt":30,"minecraft:paper":1,"minecraft:bone":25,"minecraft:stone_bricks":22,"minecraft:bow":4,"minecraft:wheat_seeds":132,"spore:mutated_fiber":15,"minecraft:glowstone_dust":1,"minecraft:oak_planks":1,"minecraft:iron_sword":2,"elevatorid:elevator_white":5,"spore:cerebrum":3,"spore:armor_fragment":13,"minecraft:quartz":1,"minecraft:sand":1,"minecraft:gravel":27,"minecraft:white_bed":1,"minecraft:spectral_arrow":5,"minecraft:leather_helmet":3,"spore:claw_fragment":5,"minecraft:deepslate":6,"minecraft:diamond":19,"monsterplus:crystal_shard":8,"minecraft:iron_helmet":1,"minecraft:granite":12,"minecraft:painting":1,"spore:spine_fragment":1,"minecraft:coal":19,"minecraft:ender_pearl":1}},"DataVersion":3465}