{"stats":{"minecraft:used":{"minecraft:dirt":11},"minecraft:custom":{"minecraft:jump":301,"minecraft:damage_taken":1244,"minecraft:time_since_rest":563,"minecraft:leave_game":5,"minecraft:time_since_death":476,"minecraft:crouch_one_cm":1744,"minecraft:play_time":14278,"minecraft:sprint_one_cm":10732,"minecraft:walk_one_cm":8559,"minecraft:walk_on_water_one_cm":4128,"minecraft:deaths":4,"minecraft:sneak_time":454,"minecraft:total_world_time":14278,"minecraft:walk_under_water_one_cm":323,"minecraft:swim_one_cm":1505,"minecraft:fly_one_cm":20614,"minecraft:fall_one_cm":20820,"minecraft:player_kills":1,"minecraft:damage_dealt":323},"minecraft:mined":{"minecraft:grass":1,"minecraft:grass_block":14},"minecraft:killed_by":{"minecraft:player":2},"minecraft:picked_up":{"minecraft:dirt":14}},"DataVersion":3465}