{"stats":{"minecraft:mined":{"minecraft:tall_grass":4,"minecraft:grass":5,"minecraft:grass_block":3,"minecraft:oak_log":1,"minecraft:dirt":1},"minecraft:custom":{"minecraft:jump":28,"minecraft:damage_taken":200,"minecraft:time_since_rest":2949,"minecraft:leave_game":2,"minecraft:play_time":2949,"minecraft:crouch_one_cm":630,"minecraft:sprint_one_cm":3282,"minecraft:time_since_death":2949,"minecraft:walk_one_cm":2874,"minecraft:sneak_time":206,"minecraft:total_world_time":2949,"minecraft:fall_one_cm":627,"minecraft:fly_one_cm":4862,"minecraft:damage_dealt":123},"minecraft:used":{"minecraft:dirt":4},"minecraft:picked_up":{"minecraft:oak_log":1,"minecraft:wheat_seeds":2,"minecraft:dirt":4}},"DataVersion":3465}