{"stats":{"minecraft:used":{"minecraft:dirt":1},"minecraft:custom":{"minecraft:jump":73,"minecraft:damage_taken":634,"minecraft:time_since_rest":6198,"minecraft:leave_game":2,"minecraft:time_since_death":4344,"minecraft:crouch_one_cm":141,"minecraft:play_time":9051,"minecraft:sprint_one_cm":2867,"minecraft:walk_one_cm":2666,"minecraft:walk_on_water_one_cm":1918,"minecraft:deaths":2,"minecraft:sneak_time":81,"minecraft:total_world_time":9051,"minecraft:fly_one_cm":7546,"minecraft:fall_one_cm":9297,"minecraft:player_kills":1,"minecraft:damage_dealt":323},"minecraft:mined":{"minecraft:grass":1,"minecraft:grass_block":2},"minecraft:killed_by":{"minecraft:player":2},"minecraft:picked_up":{"minecraft:dirt":2}},"DataVersion":3465}