{"stats":{"minecraft:used":{"minecraft:dirt":11},"minecraft:custom":{"minecraft:jump":204,"minecraft:damage_taken":794,"minecraft:time_since_rest":66,"minecraft:leave_game":3,"minecraft:time_since_death":0,"minecraft:crouch_one_cm":1744,"minecraft:play_time":12107,"minecraft:sprint_one_cm":8462,"minecraft:walk_one_cm":5760,"minecraft:walk_on_water_one_cm":2967,"minecraft:deaths":3,"minecraft:sneak_time":454,"minecraft:total_world_time":12107,"minecraft:walk_under_water_one_cm":215,"minecraft:swim_one_cm":894,"minecraft:fly_one_cm":16967,"minecraft:fall_one_cm":13346,"minecraft:player_kills":1,"minecraft:damage_dealt":323},"minecraft:mined":{"minecraft:grass":1,"minecraft:grass_block":14},"minecraft:killed_by":{"minecraft:player":2},"minecraft:picked_up":{"minecraft:dirt":14}},"DataVersion":3465}