{"stats":{"minecraft:mined":{"minecraft:tall_grass":1,"minecraft:grass":4,"minecraft:grass_block":3,"minecraft:oak_log":1,"minecraft:dirt":1},"minecraft:custom":{"minecraft:jump":26,"minecraft:time_since_rest":2878,"minecraft:damage_taken":200,"minecraft:damage_dealt":123,"minecraft:crouch_one_cm":630,"minecraft:sprint_one_cm":3116,"minecraft:play_time":2878,"minecraft:time_since_death":2878,"minecraft:walk_one_cm":2825,"minecraft:sneak_time":206,"minecraft:total_world_time":2878,"minecraft:fall_one_cm":627,"minecraft:fly_one_cm":4719,"minecraft:leave_game":1},"minecraft:used":{"minecraft:dirt":4},"minecraft:picked_up":{"minecraft:oak_log":1,"minecraft:wheat_seeds":2,"minecraft:dirt":4}},"DataVersion":3465}