{"stats":{"minecraft:mined":{"minecraft:oak_leaves":4},"minecraft:custom":{"minecraft:jump":565,"minecraft:time_since_rest":4295,"minecraft:crouch_one_cm":54,"minecraft:damage_dealt":10,"minecraft:damage_taken":40,"minecraft:leave_game":1,"minecraft:play_time":4295,"minecraft:sprint_one_cm":2589,"minecraft:time_since_death":4295,"minecraft:walk_on_water_one_cm":705,"minecraft:walk_one_cm":5959,"minecraft:sneak_time":36,"minecraft:total_world_time":4295,"minecraft:fall_one_cm":4915,"minecraft:fly_one_cm":83756}},"DataVersion":3465}