{"stats":{"minecraft:mined":{"minecraft:grass":1},"minecraft:custom":{"minecraft:jump":44,"minecraft:open_chest":16,"minecraft:time_since_rest":3225,"minecraft:damage_dealt":47,"minecraft:crouch_one_cm":59,"minecraft:walk_on_water_one_cm":180,"minecraft:leave_game":1,"minecraft:play_time":3225,"minecraft:damage_taken":130,"minecraft:time_since_death":3225,"minecraft:walk_one_cm":5903,"minecraft:sneak_time":20,"minecraft:climb_one_cm":730,"minecraft:total_world_time":3225,"minecraft:fall_one_cm":7876,"minecraft:fly_one_cm":43580}},"DataVersion":3465}