{"stats":{"minecraft:dropped":{"minecraft:dark_oak_stairs":2,"minecraft:wheat_seeds":1,"minecraft:stripped_mangrove_wood":1,"minecraft:lilac":1,"chococraft:gysahl_green_seeds":2,"minecraft:item_frame":5,"minecraft:wooden_sword":1,"minecraft:oak_trapdoor":1,"minecraft:stone_shovel":1,"minecraft:rotten_flesh":11,"minecraft:spruce_fence":1,"minecraft:ladder":1,"minecraft:calcite":18},"minecraft:killed":{"minecraft:spider":3,"minecraft:skeleton":6,"spore:spitter":1,"minecraft:husk":32,"spore:inf_pillager":1,"minecraft:sheep":2,"minecraft:zombie":2,"spore:inf_human":1,"spore:slasher":1,"chococraft:chocobo":1,"minecraft:cow":1},"minecraft:custom":{"minecraft:interact_with_smithing_table":1,"minecraft:mob_kills":52,"minecraft:interact_with_crafting_table":20,"minecraft:open_barrel":4,"minecraft:leave_game":1,"minecraft:time_since_death":70239,"minecraft:climb_one_cm":2304,"minecraft:sprint_one_cm":216845,"minecraft:walk_one_cm":194030,"minecraft:drop":15,"minecraft:play_time":71839,"minecraft:deaths":6,"minecraft:sneak_time":4779,"minecraft:walk_under_water_one_cm":1379,"minecraft:boat_one_cm":110430,"minecraft:jump":1208,"minecraft:interact_with_blast_furnace":1,"minecraft:walk_on_water_one_cm":10571,"minecraft:total_world_time":71839,"minecraft:interact_with_furnace":2,"minecraft:sleep_in_bed":2,"minecraft:time_since_rest":42083,"minecraft:damage_taken":3079,"minecraft:damage_dealt":9329,"minecraft:swim_one_cm":11208,"minecraft:fly_one_cm":249815,"minecraft:open_chest":12,"minecraft:crouch_one_cm":11523,"minecraft:fall_one_cm":25562,"minecraft:horse_one_cm":6160},"minecraft:killed_by":{"spore:knight":3,"spore:griefer":2,"spore:braiomil":1},"minecraft:mined":{"minecraft:dark_oak_planks":27,"minecraft:dark_prismarine_stairs":1,"minecraft:dark_prismarine":1,"minecraft:spruce_planks":1,"minecraft:white_bed":1,"minecraft:red_nether_bricks":5,"minecraft:warped_stairs":1,"minecraft:ladder":2,"biomesoplenty:bush":2,"minecraft:spruce_fence":3,"minecraft:grass_block":26,"minecraft:spawner":4,"minecraft:hay_block":13,"minecraft:oak_trapdoor":1,"minecraft:carrots":2,"minecraft:stripped_dark_oak_wood":2,"minecraft:warped_wall_sign":1,"minecraft:nether_brick_stairs":1,"minecraft:gold_block":1,"minecraft:dark_oak_stairs":11,"chococraft:gysahl_green":13,"minecraft:bookshelf":31,"minecraft:cave_vines":1,"minecraft:lantern":1,"minecraft:smooth_quartz_stairs":4,"minecraft:stone":22,"minecraft:stripped_mangrove_wood":8,"minecraft:player_head":3,"minecraft:glass_pane":1,"minecraft:twisting_vines_plant":1,"minecraft:torch":2,"minecraft:blast_furnace":1,"minecraft:calcite":27,"minecraft:rose_bush":2,"minecraft:nether_brick_slab":4,"minecraft:lectern":1,"minecraft:campfire":1,"minecraft:tall_grass":1,"minecraft:diorite":5,"minecraft:spruce_stairs":1,"minecraft:red_candle":1,"biomesoplenty:magic_leaves":1,"minecraft:dark_oak_slab":4,"minecraft:dark_oak_wall_sign":1,"minecraft:birch_log":2,"minecraft:jukebox":1,"minecraft:white_wall_banner":1,"minecraft:grass":3,"minecraft:oak_log":5,"minecraft:cyan_carpet":4,"minecraft:dirt":22,"minecraft:oak_leaves":1,"minecraft:fern":3},"minecraft:crafted":{"minecraft:wooden_sword":1,"minecraft:oak_planks":16,"minecraft:stone_shovel":1,"minecraft:dark_oak_boat":1,"minecraft:furnace":1,"minecraft:wheat":117,"minecraft:crafting_table":5,"minecraft:iron_sword":1,"chococraft:chocopedia":1,"minecraft:birch_planks":8,"minecraft:stone_axe":1,"minecraft:bread":39,"minecraft:air":0,"minecraft:iron_chestplate":1,"minecraft:charcoal":1,"minecraft:stick":16,"minecraft:iron_pickaxe":1,"minecraft:stone_sword":1,"chococraft:chocobo_saddle":1,"minecraft:torch":20},"minecraft:used":{"minecraft:stone_sword":65,"minecraft:stone_shovel":39,"minecraft:ladder":1,"minecraft:iron_sword":152,"minecraft:iron_chestplate":1,"minecraft:torch":14,"minecraft:dirt":39,"minecraft:lantern":1,"minecraft:iron_helmet":1,"minecraft:iron_boots":1,"minecraft:dark_oak_boat":1,"minecraft:furnace":1,"minecraft:iron_leggings":1,"minecraft:stone_pickaxe":12,"minecraft:crafting_table":5,"minecraft:white_bed":1,"croptopia:beef_stew":5,"minecraft:bread":23,"minecraft:iron_pickaxe":57,"minecraft:golden_leggings":1,"minecraft:golden_helmet":1,"minecraft:stone_axe":75,"minecraft:wooden_sword":26,"minecraft:golden_pickaxe":33},"minecraft:broken":{"minecraft:golden_pickaxe":1},"minecraft:picked_up":{"minecraft:ladder":2,"minecraft:golden_pickaxe":2,"minecraft:wooden_pickaxe":1,"minecraft:gold_block":1,"minecraft:potion":1,"minecraft:oak_trapdoor":1,"minecraft:string":4,"minecraft:item_frame":5,"minecraft:beef":3,"minecraft:player_head":2,"minecraft:calcite":26,"minecraft:lectern":1,"minecraft:stripped_mangrove_wood":1,"minecraft:torch":1,"minecraft:spruce_fence":1,"minecraft:porkchop":3,"minecraft:carrot":12,"minecraft:dark_oak_planks":26,"minecraft:arrow":7,"minecraft:rotten_flesh":11,"minecraft:hay_block":13,"chococraft:chocobo_drumstick_raw":1,"minecraft:mutton":3,"minecraft:white_wool":2,"minecraft:cobblestone":22,"minecraft:birch_log":2,"minecraft:lilac":1,"minecraft:cooked_beef":1,"croptopia:beef_stew":6,"minecraft:leather":2,"minecraft:oak_log":5,"minecraft:dirt":45,"minecraft:lantern":1,"chococraft:chocobo_feather":1,"minecraft:bone":4,"chococraft:gysahl_green":33,"minecraft:wheat_seeds":1,"minecraft:stone_pickaxe":1,"minecraft:cooked_chicken":1,"spore:mutated_fiber":6,"minecraft:dark_oak_stairs":2,"minecraft:book":94,"spore:armor_fragment":1,"chococraft:gysahl_green_seeds":2,"minecraft:blast_furnace":1,"minecraft:white_bed":1,"minecraft:golden_apple":1,"minecraft:oak_sapling":2}},"DataVersion":3465}