{"stats":{"minecraft:killed":{"minecraft:pig":10,"minecraft:iron_golem":9,"minecraft:creeper":2,"minecraft:sheep":10,"minecraft:skeleton":2,"minecraft:zombie":8,"minecraft:cow":1},"minecraft:picked_up":{"minecraft:cocoa_beans":3,"minecraft:crafting_table":1,"minecraft:jungle_log":118,"minecraft:leather":1,"minecraft:oak_log":6,"minecraft:gunpowder":3,"minecraft:wooden_hoe":1,"minecraft:string":468,"minecraft:dirt":55,"minecraft:bone":4,"minecraft:wheat_seeds":18,"minecraft:beef":2,"minecraft:iron_ingot":26,"minecraft:jungle_sapling":8,"minecraft:poppy":7,"minecraft:light_gray_wool":2,"minecraft:sugar_cane":9,"minecraft:oak_planks":11,"minecraft:egg":3,"minecraft:oak_slab":1,"minecraft:stick":19,"minecraft:porkchop":23,"minecraft:jungle_planks":10,"minecraft:white_bed":1,"minecraft:arrow":2,"minecraft:rotten_flesh":7,"minecraft:hay_block":50,"minecraft:gray_wool":1,"minecraft:hopper":1,"minecraft:oak_sapling":1,"minecraft:mutton":16,"minecraft:coal":4,"minecraft:cobblestone":17,"minecraft:white_wool":28},"minecraft:mined":{"minecraft:white_bed":1,"minecraft:jungle_leaves":9,"minecraft:crafting_table":1,"minecraft:grass_block":22,"minecraft:poppy":2,"minecraft:jungle_log":117,"minecraft:cobblestone":4,"minecraft:sugar_cane":3,"minecraft:oak_planks":6,"minecraft:hay_block":50,"minecraft:jungle_sapling":1,"minecraft:grass":109,"minecraft:oak_log":6,"minecraft:coal_ore":4,"minecraft:dirt_path":13,"minecraft:vine":19,"minecraft:dirt":9,"minecraft:stone":11,"minecraft:oak_leaves":7,"minecraft:white_wool":6,"minecraft:fern":26},"minecraft:used":{"minecraft:water_bucket":9,"minecraft:ladder":1,"minecraft:stone_shovel":37,"minecraft:stone_pickaxe":2,"minecraft:oak_planks":10,"minecraft:poppy":4,"minecraft:wooden_pickaxe":18,"minecraft:white_wool":6,"minecraft:dirt":55,"minecraft:crafting_table":2,"minecraft:white_bed":4,"minecraft:jungle_sapling":5,"minecraft:wooden_axe":34,"minecraft:wooden_hoe":52,"minecraft:iron_axe":170,"minecraft:bread":11,"minecraft:jungle_log":6,"minecraft:stone_axe":72,"minecraft:oak_sapling":1,"minecraft:furnace":1,"minecraft:porkchop":6,"minecraft:bucket":9,"minecraft:egg":3,"minecraft:bone_meal":13},"minecraft:dropped":{"minecraft:iron_ingot":10,"minecraft:bread":91,"minecraft:wheat_seeds":15,"minecraft:wooden_hoe":2,"minecraft:hopper":4,"minecraft:ladder":6,"minecraft:string":5},"minecraft:broken":{"minecraft:stone_axe":1,"minecraft:wooden_axe":1},"minecraft:crafted":{"minecraft:oak_planks":24,"minecraft:stone_shovel":1,"minecraft:emerald":35,"minecraft:cooked_porkchop":17,"minecraft:crafting_table":1,"minecraft:wooden_pickaxe":1,"minecraft:furnace":1,"minecraft:bucket":1,"minecraft:bone_meal":12,"minecraft:stone_axe":1,"minecraft:bread":150,"minecraft:air":0,"minecraft:jungle_planks":448,"minecraft:hopper":5,"minecraft:wooden_hoe":1,"minecraft:iron_axe":1,"minecraft:ladder":6,"minecraft:stick":28,"minecraft:stone_pickaxe":1,"minecraft:wooden_axe":1,"minecraft:chest":9,"minecraft:white_bed":3,"minecraft:shears":1,"minecraft:wheat":450},"minecraft:custom":{"minecraft:interact_with_furnace":17,"minecraft:mob_kills":42,"minecraft:traded_with_villager":35,"minecraft:interact_with_crafting_table":19,"minecraft:time_since_death":48812,"minecraft:sleep_in_bed":2,"minecraft:climb_one_cm":3873,"minecraft:time_since_rest":23344,"minecraft:sprint_one_cm":160829,"minecraft:damage_taken":315,"minecraft:walk_one_cm":90958,"minecraft:drop":25,"minecraft:damage_dealt":12275,"minecraft:swim_one_cm":6317,"minecraft:talked_to_villager":11,"minecraft:fly_one_cm":269321,"minecraft:open_chest":43,"minecraft:crouch_one_cm":11176,"minecraft:play_time":48812,"minecraft:sneak_time":5765,"minecraft:walk_under_water_one_cm":2956,"minecraft:jump":1366,"minecraft:walk_on_water_one_cm":8959,"minecraft:total_world_time":48812,"minecraft:fall_one_cm":29526}},"DataVersion":3465}