{"stats":{"minecraft:picked_up":{"minecraft:crafting_table":9,"minecraft:iron_chestplate":5,"minecraft:wheat":6,"minecraft:azure_bluet":1,"minecraft:smithing_table":1,"minecraft:wooden_pickaxe":1,"minecraft:brewing_stand":1,"minecraft:shield":4,"minecraft:string":4,"minecraft:iron_axe":5,"minecraft:iron_leggings":4,"minecraft:beef":11,"minecraft:calcite":11,"minecraft:poppy":3,"minecraft:melon_slice":66,"minecraft:egg":2,"minecraft:iron_boots":5,"minecraft:furnace":5,"minecraft:raw_iron":106,"minecraft:stick":2,"minecraft:composter":2,"minecraft:torch":1,"minecraft:acacia_log":14,"minecraft:porkchop":23,"minecraft:carrot":5,"minecraft:orange_bed":2,"minecraft:arrow":1,"minecraft:peony":1,"minecraft:hay_block":157,"minecraft:mutton":15,"minecraft:cobblestone":73,"minecraft:white_wool":17,"minecraft:water_bucket":1,"minecraft:leather":8,"minecraft:oak_log":40,"minecraft:gunpowder":2,"minecraft:dirt":140,"minecraft:bone":1,"minecraft:acacia_planks":11,"minecraft:wheat_seeds":19,"minecraft:iron_ingot":9,"minecraft:acacia_sapling":3,"minecraft:oak_planks":1,"minecraft:dandelion":2,"minecraft:blast_furnace":1,"minecraft:white_bed":3,"minecraft:iron_helmet":4,"minecraft:emerald":6,"minecraft:bread":106,"minecraft:coal":76,"minecraft:sunflower":2},"minecraft:broken":{"minecraft:stone_pickaxe":1},"minecraft:killed":{"minecraft:spider":2,"minecraft:skeleton":1,"minecraft:llama":1,"minecraft:pig":14,"minecraft:iron_golem":1,"minecraft:sheep":8,"minecraft:cow":6},"minecraft:custom":{"minecraft:interact_with_smithing_table":3,"minecraft:mob_kills":33,"minecraft:interact_with_crafting_table":30,"minecraft:bell_ring":2,"minecraft:leave_game":2,"minecraft:time_since_death":1092,"minecraft:climb_one_cm":2589,"minecraft:sprint_one_cm":289177,"minecraft:walk_one_cm":169166,"minecraft:damage_blocked_by_shield":360,"minecraft:drop":162,"minecraft:play_time":95221,"minecraft:deaths":3,"minecraft:sneak_time":11913,"minecraft:walk_under_water_one_cm":6509,"minecraft:jump":3145,"minecraft:walk_on_water_one_cm":16795,"minecraft:total_world_time":95221,"minecraft:interact_with_furnace":60,"minecraft:sleep_in_bed":4,"minecraft:time_since_rest":1122,"minecraft:damage_taken":2905,"minecraft:damage_dealt":6638,"minecraft:swim_one_cm":77179,"minecraft:fly_one_cm":696754,"minecraft:player_kills":2,"minecraft:open_chest":27,"minecraft:crouch_one_cm":36151,"minecraft:fall_one_cm":106425},"minecraft:crafted":{"minecraft:oak_planks":160,"minecraft:furnace":2,"minecraft:bone_meal":3,"minecraft:iron_boots":1,"minecraft:iron_axe":1,"minecraft:ladder":3,"minecraft:iron_hoe":1,"minecraft:stone_pickaxe":1,"minecraft:chest":2,"minecraft:wheat":1182,"minecraft:cooked_beef":7,"minecraft:cooked_porkchop":2,"minecraft:crafting_table":4,"minecraft:wooden_pickaxe":1,"minecraft:iron_helmet":1,"minecraft:iron_sword":1,"minecraft:smithing_table":1,"minecraft:bucket":1,"minecraft:stone_axe":1,"minecraft:bread":396,"minecraft:air":0,"minecraft:iron_chestplate":2,"minecraft:shield":1,"minecraft:stick":40,"minecraft:iron_ingot":53,"minecraft:iron_pickaxe":1,"minecraft:iron_shovel":1,"minecraft:iron_leggings":1,"minecraft:white_bed":3,"minecraft:acacia_planks":56,"minecraft:torch":8,"minecraft:shears":1},"minecraft:used":{"minecraft:iron_shovel":104,"minecraft:ladder":3,"minecraft:shield":3,"minecraft:chest":2,"minecraft:iron_sword":33,"minecraft:iron_chestplate":3,"minecraft:orange_bed":2,"minecraft:torch":9,"minecraft:dirt":93,"minecraft:mutton":2,"minecraft:carrot":10,"minecraft:azure_bluet":1,"minecraft:iron_hoe":206,"minecraft:iron_axe":152,"minecraft:iron_helmet":3,"minecraft:iron_boots":3,"minecraft:furnace":6,"minecraft:egg":1,"minecraft:cooked_beef":7,"minecraft:iron_leggings":3,"minecraft:water_bucket":14,"minecraft:stone_pickaxe":130,"minecraft:oak_planks":125,"minecraft:wooden_pickaxe":4,"minecraft:crafting_table":11,"minecraft:white_bed":6,"minecraft:sunflower":2,"minecraft:bread":42,"minecraft:iron_pickaxe":111,"minecraft:stone_axe":8,"minecraft:cobblestone":46,"minecraft:porkchop":2,"minecraft:smithing_table":1,"minecraft:bucket":15,"minecraft:bone_meal":3},"minecraft:mined":{"minecraft:white_bed":3,"minecraft:brewing_stand":1,"minecraft:acacia_log":14,"minecraft:grass_block":93,"minecraft:composter":3,"minecraft:hay_block":107,"minecraft:furnace":4,"minecraft:carrots":1,"minecraft:iron_ore":100,"minecraft:stone":74,"minecraft:orange_bed":2,"minecraft:smithing_table":1,"minecraft:acacia_leaves":1,"minecraft:glass_pane":1,"minecraft:dandelion":1,"minecraft:crafting_table":10,"minecraft:torch":1,"minecraft:blast_furnace":1,"minecraft:emerald_ore":6,"minecraft:calcite":11,"minecraft:melon":14,"minecraft:tall_grass":8,"minecraft:cobblestone":2,"minecraft:oak_planks":1,"minecraft:seagrass":1,"minecraft:grass":60,"minecraft:coal_ore":44,"minecraft:oak_log":40,"minecraft:sunflower":4,"minecraft:dirt":29,"minecraft:acacia_planks":8,"minecraft:oak_leaves":11},"minecraft:killed_by":{"minecraft:player":2},"minecraft:dropped":{"minecraft:water_bucket":1,"minecraft:bread":342,"minecraft:wheat_seeds":9,"minecraft:crafting_table":1,"minecraft:iron_helmet":2,"minecraft:cobblestone":5,"minecraft:stick":2,"minecraft:dirt":6,"minecraft:mutton":1,"minecraft:melon_slice":2,"minecraft:iron_leggings":2,"minecraft:iron_axe":4,"minecraft:string":4,"minecraft:white_wool":8,"minecraft:acacia_planks":1,"minecraft:dandelion":2,"minecraft:furnace":1,"minecraft:stone_axe":1,"minecraft:composter":1,"minecraft:iron_boots":3,"minecraft:poppy":1,"minecraft:shield":3,"minecraft:peony":1,"minecraft:iron_chestplate":3,"minecraft:acacia_sapling":3,"minecraft:arrow":1,"minecraft:wooden_pickaxe":2,"minecraft:calcite":11,"minecraft:egg":1}},"DataVersion":3465}