{"stats":{"minecraft:picked_up":{"minecraft:crafting_table":10,"minecraft:iron_chestplate":6,"minecraft:chicken":1,"minecraft:gold_block":6,"minecraft:shield":6,"minecraft:golden_sword":1,"minecraft:iron_axe":5,"minecraft:flint_and_steel":1,"minecraft:iron_leggings":7,"minecraft:gold_nugget":3,"minecraft:beef":4,"minecraft:calcite":2,"minecraft:poppy":2,"minecraft:iron_pickaxe":2,"minecraft:chest":2,"minecraft:birch_sapling":1,"minecraft:furnace":10,"minecraft:iron_boots":6,"minecraft:egg":11,"minecraft:golden_helmet":4,"minecraft:stick":11,"minecraft:raw_iron":119,"minecraft:oak_fence":1,"minecraft:torch":1,"minecraft:fire_charge":1,"minecraft:porkchop":2,"minecraft:rotten_flesh":8,"minecraft:hay_block":8,"minecraft:gold_ingot":6,"minecraft:white_terracotta":4,"minecraft:mutton":13,"minecraft:cobblestone":70,"minecraft:white_wool":11,"minecraft:birch_log":4,"minecraft:cooked_beef":8,"minecraft:water_bucket":1,"minecraft:leather":3,"minecraft:potato":8,"minecraft:oak_log":322,"minecraft:yellow_bed":5,"minecraft:dirt":71,"minecraft:apple":5,"minecraft:stonecutter":2,"minecraft:wheat_seeds":8,"minecraft:iron_ingot":4,"minecraft:oak_planks":30,"minecraft:book":2,"minecraft:dandelion":3,"minecraft:white_bed":5,"minecraft:mossy_cobblestone":1,"minecraft:iron_helmet":2,"minecraft:bread":116,"minecraft:oak_sapling":5,"minecraft:black_wool":2,"minecraft:coal":163,"minecraft:bricks":1},"minecraft:broken":{"minecraft:golden_shovel":1,"minecraft:iron_axe":1},"minecraft:killed":{"minecraft:spider":1,"minecraft:chicken":3,"minecraft:llama":1,"minecraft:pig":1,"minecraft:sheep":7,"minecraft:zombie":2,"minecraft:cow":2},"minecraft:custom":{"minecraft:mob_kills":17,"minecraft:interact_with_crafting_table":31,"minecraft:leave_game":1,"minecraft:time_since_death":3400,"minecraft:climb_one_cm":4186,"minecraft:sprint_one_cm":314060,"minecraft:walk_one_cm":211201,"minecraft:damage_blocked_by_shield":380,"minecraft:drop":34,"minecraft:play_time":99653,"minecraft:deaths":4,"minecraft:sneak_time":965,"minecraft:walk_under_water_one_cm":24731,"minecraft:jump":3333,"minecraft:walk_on_water_one_cm":39064,"minecraft:total_world_time":99653,"minecraft:interact_with_furnace":39,"minecraft:sleep_in_bed":4,"minecraft:time_since_rest":3441,"minecraft:damage_taken":2781,"minecraft:damage_dealt":3305,"minecraft:swim_one_cm":172062,"minecraft:fly_one_cm":772464,"minecraft:player_kills":4,"minecraft:open_chest":16,"minecraft:crouch_one_cm":2339,"minecraft:fall_one_cm":99224},"minecraft:crafted":{"minecraft:oak_planks":48,"minecraft:furnace":1,"minecraft:iron_boots":1,"minecraft:iron_axe":2,"minecraft:stone_pickaxe":1,"minecraft:chest":2,"minecraft:golden_sword":1,"minecraft:wheat":63,"minecraft:cooked_porkchop":4,"minecraft:crafting_table":2,"minecraft:wooden_pickaxe":1,"minecraft:iron_helmet":1,"minecraft:bread":21,"minecraft:air":0,"minecraft:iron_chestplate":1,"minecraft:shield":1,"minecraft:stick":12,"minecraft:iron_ingot":34,"minecraft:iron_pickaxe":1,"minecraft:wooden_axe":1,"minecraft:iron_leggings":1},"minecraft:used":{"minecraft:chest":3,"minecraft:shield":4,"minecraft:torch":1,"minecraft:dirt":41,"minecraft:mutton":7,"minecraft:golden_shovel":33,"minecraft:wooden_axe":8,"minecraft:iron_axe":317,"minecraft:birch_sapling":1,"minecraft:golden_sword":6,"minecraft:beef":1,"minecraft:oak_sapling":5,"minecraft:furnace":9,"minecraft:gold_block":2,"minecraft:egg":11,"minecraft:potato":4,"minecraft:cooked_beef":5,"minecraft:water_bucket":2,"minecraft:stone_pickaxe":24,"minecraft:wooden_pickaxe":13,"minecraft:white_wool":1,"minecraft:crafting_table":9,"minecraft:white_bed":3,"minecraft:apple":9,"minecraft:chicken":1,"minecraft:bread":24,"minecraft:iron_pickaxe":138,"minecraft:cobblestone":20,"minecraft:cooked_porkchop":4,"minecraft:bucket":2,"minecraft:yellow_bed":3},"minecraft:mined":{"minecraft:white_bed":2,"minecraft:mossy_cobblestone":1,"minecraft:grass_block":39,"minecraft:hay_block":8,"minecraft:tall_seagrass":3,"minecraft:furnace":8,"minecraft:iron_ore":52,"minecraft:gold_block":4,"minecraft:dirt_path":1,"minecraft:stone":35,"minecraft:white_wool":1,"minecraft:dandelion":3,"minecraft:oak_fence":1,"minecraft:crafting_table":7,"minecraft:calcite":2,"minecraft:chest":1,"minecraft:rose_bush":1,"minecraft:tall_grass":13,"minecraft:cobblestone":4,"minecraft:oak_planks":2,"minecraft:bricks":1,"minecraft:wall_torch":1,"minecraft:seagrass":1,"minecraft:white_terracotta":2,"minecraft:birch_log":2,"minecraft:birch_leaves":1,"minecraft:yellow_bed":4,"minecraft:grass":27,"minecraft:coal_ore":58,"minecraft:oak_log":169,"minecraft:dirt":9,"minecraft:stonecutter":1,"minecraft:oak_leaves":10},"minecraft:killed_by":{"minecraft:player":4},"minecraft:dropped":{"minecraft:water_bucket":1,"minecraft:wheat_seeds":2,"minecraft:crafting_table":1,"minecraft:oak_fence":1,"minecraft:iron_helmet":1,"minecraft:leather":3,"minecraft:dirt":4,"minecraft:wooden_axe":1,"minecraft:iron_leggings":3,"minecraft:iron_axe":2,"minecraft:iron_pickaxe":1,"minecraft:dandelion":3,"minecraft:rotten_flesh":1,"minecraft:iron_boots":2,"minecraft:poppy":1,"minecraft:hay_block":1,"minecraft:shield":1,"minecraft:iron_chestplate":2,"minecraft:stone_pickaxe":1,"minecraft:wooden_pickaxe":1,"minecraft:calcite":2}},"DataVersion":3465}