{"stats":{"minecraft:picked_up":{"minecraft:wooden_axe":1,"minecraft:seagrass":1,"minecraft:crafting_table":6,"minecraft:iron_chestplate":3,"minecraft:azure_bluet":1,"minecraft:feather":1,"minecraft:brown_wool":1,"minecraft:leather":7,"minecraft:wooden_pickaxe":2,"minecraft:oak_log":10,"minecraft:yellow_bed":1,"minecraft:shield":4,"minecraft:dirt":56,"minecraft:iron_axe":4,"minecraft:iron_leggings":4,"minecraft:acacia_planks":28,"minecraft:wheat_seeds":31,"minecraft:iron_ingot":22,"minecraft:beef":5,"minecraft:stone_pickaxe":1,"minecraft:oak_boat":2,"minecraft:calcite":3,"minecraft:poppy":8,"minecraft:melon_slice":6,"minecraft:acacia_sapling":4,"minecraft:furnace":2,"minecraft:iron_boots":3,"minecraft:egg":2,"minecraft:raw_iron":10,"minecraft:stick":6,"minecraft:oak_fence":1,"minecraft:torch":5,"minecraft:acacia_log":23,"minecraft:porkchop":2,"minecraft:blast_furnace":1,"minecraft:diorite":2,"minecraft:white_bed":1,"minecraft:orange_bed":4,"minecraft:arrow":2,"minecraft:rotten_flesh":2,"minecraft:peony":2,"minecraft:hay_block":35,"minecraft:iron_helmet":4,"minecraft:bread":46,"minecraft:melon_seeds":1,"minecraft:black_wool":1,"minecraft:mutton":12,"minecraft:coal":7,"minecraft:white_wool":8,"minecraft:cobblestone":57},"minecraft:broken":{"minecraft:stone_axe":1},"minecraft:killed":{"minecraft:pig":1,"minecraft:iron_golem":4,"minecraft:sheep":6,"minecraft:skeleton":1,"minecraft:zombie":1,"minecraft:turtle":1,"minecraft:cow":4},"minecraft:custom":{"minecraft:interact_with_furnace":19,"minecraft:mob_kills":18,"minecraft:interact_with_crafting_table":14,"minecraft:bell_ring":50,"minecraft:leave_game":4,"minecraft:time_since_death":5049,"minecraft:sleep_in_bed":7,"minecraft:climb_one_cm":3249,"minecraft:time_since_rest":5084,"minecraft:sprint_one_cm":330032,"minecraft:damage_taken":3217,"minecraft:walk_one_cm":234688,"minecraft:damage_blocked_by_shield":485,"minecraft:drop":27,"minecraft:damage_dealt":7667,"minecraft:player_kills":3,"minecraft:swim_one_cm":89263,"minecraft:talked_to_villager":16,"minecraft:fly_one_cm":594577,"minecraft:open_chest":9,"minecraft:crouch_one_cm":12534,"minecraft:play_time":99027,"minecraft:deaths":6,"minecraft:sneak_time":4169,"minecraft:walk_under_water_one_cm":9852,"minecraft:boat_one_cm":63792,"minecraft:jump":2487,"minecraft:interact_with_blast_furnace":1,"minecraft:walk_on_water_one_cm":30019,"minecraft:total_world_time":99027,"minecraft:fall_one_cm":80744},"minecraft:crafted":{"minecraft:oak_planks":40,"minecraft:cooked_porkchop":5,"minecraft:crafting_table":2,"minecraft:wooden_pickaxe":1,"minecraft:iron_helmet":1,"minecraft:iron_sword":1,"minecraft:stone_axe":1,"minecraft:bread":105,"minecraft:air":0,"minecraft:oak_boat":1,"minecraft:iron_boots":1,"minecraft:iron_chestplate":1,"minecraft:stick":4,"minecraft:iron_ingot":10,"minecraft:iron_pickaxe":1,"minecraft:stone_pickaxe":1,"minecraft:wooden_axe":1,"minecraft:iron_leggings":1,"minecraft:acacia_planks":20,"minecraft:wheat":315},"minecraft:used":{"minecraft:calcite":1,"minecraft:stone_pickaxe":31,"minecraft:wooden_pickaxe":17,"minecraft:shield":8,"minecraft:iron_sword":29,"minecraft:iron_chestplate":2,"minecraft:orange_bed":4,"minecraft:dirt":50,"minecraft:mutton":2,"minecraft:crafting_table":6,"minecraft:white_bed":1,"minecraft:azure_bluet":1,"minecraft:wooden_axe":26,"minecraft:iron_axe":22,"minecraft:bread":29,"minecraft:melon_slice":6,"minecraft:iron_pickaxe":5,"minecraft:iron_helmet":2,"minecraft:iron_boots":2,"minecraft:stone_axe":74,"minecraft:cobblestone":16,"minecraft:furnace":1,"minecraft:cooked_porkchop":4,"minecraft:oak_boat":2,"minecraft:yellow_bed":1,"minecraft:egg":2,"minecraft:iron_leggings":2},"minecraft:mined":{"minecraft:white_bed":1,"minecraft:crafting_table":4,"minecraft:torch":3,"minecraft:blast_furnace":1,"minecraft:acacia_log":14,"minecraft:grass_block":13,"minecraft:tall_grass":1,"minecraft:cobblestone":2,"minecraft:diorite":1,"minecraft:seagrass":1,"minecraft:hay_block":33,"minecraft:iron_ore":10,"minecraft:yellow_bed":1,"minecraft:azure_bluet":1,"minecraft:grass":8,"minecraft:coal_ore":7,"minecraft:oak_log":11,"minecraft:dirt":38,"minecraft:stone":27,"minecraft:orange_bed":4},"minecraft:killed_by":{"minecraft:player":3,"minecraft:skeleton":1,"minecraft:llama":1},"minecraft:dropped":{"minecraft:bread":70,"minecraft:wheat_seeds":21,"minecraft:feather":2,"minecraft:iron_helmet":2,"minecraft:cobblestone":3,"minecraft:iron_boots":1,"minecraft:shield":1,"minecraft:iron_chestplate":1,"minecraft:melon_seeds":1,"minecraft:seagrass":1,"minecraft:iron_leggings":2,"minecraft:iron_axe":1,"minecraft:calcite":2}},"DataVersion":3465}