{"stats":{"minecraft:killed":{"minecraft:salmon":4,"minecraft:spider":1,"minecraft:sheep":2,"minecraft:zombie":1,"minecraft:chicken":1,"minecraft:cow":2},"minecraft:picked_up":{"minecraft:cocoa_beans":8,"minecraft:crafting_table":6,"minecraft:feather":1,"minecraft:chicken":1,"minecraft:salmon":4,"minecraft:jungle_log":119,"minecraft:andesite":4,"minecraft:leather":2,"minecraft:wooden_pickaxe":1,"minecraft:gold_block":2,"minecraft:oak_log":4,"minecraft:golden_boots":1,"minecraft:gunpowder":2,"minecraft:string":878,"minecraft:dirt":72,"minecraft:flint_and_steel":2,"minecraft:apple":1,"minecraft:wheat_seeds":14,"minecraft:cobbled_deepslate":2,"minecraft:iron_ingot":8,"minecraft:beef":4,"minecraft:stone_pickaxe":1,"minecraft:oak_boat":3,"minecraft:jungle_sapling":7,"minecraft:poppy":3,"minecraft:bamboo":9,"minecraft:chest":2,"minecraft:furnace":1,"minecraft:stick":9,"minecraft:raw_iron":11,"minecraft:fire_charge":1,"minecraft:jungle_planks":10,"minecraft:ink_sac":2,"minecraft:diorite":1,"minecraft:rotten_flesh":1,"minecraft:tropical_fish":1,"minecraft:golden_hoe":2,"minecraft:bone_meal":1,"minecraft:bread":27,"minecraft:hopper":2,"minecraft:mutton":3,"minecraft:coal":26,"minecraft:white_wool":2,"minecraft:cobblestone":65,"minecraft:oxeye_daisy":1},"minecraft:mined":{"minecraft:jungle_leaves":29,"minecraft:crafting_table":5,"minecraft:grass_block":21,"minecraft:chest":1,"minecraft:jungle_log":108,"minecraft:diorite":1,"minecraft:furnace":1,"minecraft:jungle_sapling":2,"minecraft:iron_ore":11,"minecraft:andesite":4,"minecraft:gold_block":2,"minecraft:grass":53,"minecraft:oak_log":4,"minecraft:coal_ore":26,"minecraft:vine":5,"minecraft:dirt":24,"minecraft:bamboo":1,"minecraft:stone":61,"minecraft:fern":3},"minecraft:used":{"minecraft:wheat_seeds":10,"minecraft:water_bucket":14,"minecraft:tropical_fish":1,"minecraft:stone_pickaxe":55,"minecraft:wooden_pickaxe":50,"minecraft:jungle_boat":1,"minecraft:golden_hoe":12,"minecraft:dirt":31,"minecraft:mutton":3,"minecraft:crafting_table":5,"minecraft:jungle_sapling":5,"minecraft:bread":5,"minecraft:iron_axe":114,"minecraft:iron_pickaxe":16,"minecraft:furnace":1,"minecraft:bucket":14,"minecraft:andesite":1,"minecraft:oak_boat":4,"minecraft:cooked_beef":2},"minecraft:dropped":{"minecraft:wheat_seeds":1,"minecraft:oak_planks":5,"minecraft:jungle_planks":10,"minecraft:hopper":2,"minecraft:jungle_log":12,"minecraft:jungle_sapling":2},"minecraft:crafted":{"minecraft:cooked_beef":2,"minecraft:oak_planks":16,"minecraft:emerald":29,"minecraft:crafting_table":2,"minecraft:jungle_boat":1,"minecraft:wooden_pickaxe":1,"minecraft:furnace":1,"minecraft:bucket":1,"minecraft:air":0,"minecraft:jungle_planks":24,"minecraft:oak_boat":1,"minecraft:iron_axe":1,"minecraft:stick":8,"minecraft:iron_ingot":24,"minecraft:iron_pickaxe":1,"minecraft:stone_pickaxe":1},"minecraft:custom":{"minecraft:interact_with_furnace":17,"minecraft:mob_kills":11,"minecraft:traded_with_villager":29,"minecraft:interact_with_crafting_table":9,"minecraft:leave_game":3,"minecraft:time_since_death":58433,"minecraft:sleep_in_bed":1,"minecraft:climb_one_cm":6572,"minecraft:time_since_rest":23335,"minecraft:sprint_one_cm":190862,"minecraft:damage_taken":530,"minecraft:walk_one_cm":143842,"minecraft:drop":7,"minecraft:damage_dealt":1426,"minecraft:talked_to_villager":11,"minecraft:swim_one_cm":36808,"minecraft:fly_one_cm":117451,"minecraft:open_chest":10,"minecraft:crouch_one_cm":4493,"minecraft:play_time":66986,"minecraft:deaths":1,"minecraft:sneak_time":1354,"minecraft:walk_under_water_one_cm":17457,"minecraft:boat_one_cm":99402,"minecraft:jump":742,"minecraft:walk_on_water_one_cm":30325,"minecraft:total_world_time":66986,"minecraft:fall_one_cm":14766}},"DataVersion":3465}