{"stats":{"minecraft:used":{"minecraft:calcite":1,"minecraft:stone_pickaxe":206,"minecraft:oak_planks":158,"minecraft:wooden_pickaxe":17,"minecraft:shield":8,"minecraft:iron_sword":29,"minecraft:iron_chestplate":2,"minecraft:orange_bed":4,"minecraft:dirt":55,"minecraft:mutton":2,"minecraft:crafting_table":7,"minecraft:blast_furnace":1,"minecraft:white_bed":1,"minecraft:acacia_sapling":8,"minecraft:azure_bluet":1,"minecraft:wooden_axe":26,"minecraft:iron_axe":127,"minecraft:bread":36,"minecraft:melon_slice":6,"minecraft:iron_pickaxe":5,"minecraft:iron_helmet":2,"minecraft:iron_boots":2,"minecraft:stone_axe":85,"minecraft:cobblestone":18,"minecraft:furnace":2,"minecraft:cooked_porkchop":4,"minecraft:oak_boat":2,"minecraft:yellow_bed":1,"minecraft:egg":2,"minecraft:acacia_planks":54,"minecraft:iron_leggings":2},"minecraft:crafted":{"minecraft:smooth_stone":1,"minecraft:oak_planks":260,"minecraft:cooked_porkchop":5,"minecraft:crafting_table":3,"minecraft:wooden_pickaxe":1,"minecraft:iron_helmet":1,"minecraft:iron_sword":1,"minecraft:stone":1,"minecraft:stone_axe":2,"minecraft:bread":105,"minecraft:air":0,"minecraft:oak_boat":1,"minecraft:iron_boots":1,"minecraft:iron_chestplate":1,"minecraft:stick":4,"minecraft:iron_ingot":10,"minecraft:iron_pickaxe":1,"minecraft:stone_pickaxe":1,"minecraft:wooden_axe":1,"minecraft:iron_leggings":1,"minecraft:acacia_planks":44,"minecraft:wheat":315},"minecraft:custom":{"minecraft:interact_with_furnace":24,"minecraft:mob_kills":19,"minecraft:interact_with_crafting_table":15,"minecraft:bell_ring":50,"minecraft:leave_game":4,"minecraft:time_since_death":32020,"minecraft:sleep_in_bed":8,"minecraft:climb_one_cm":3632,"minecraft:time_since_rest":9489,"minecraft:sprint_one_cm":405362,"minecraft:damage_taken":3266,"minecraft:walk_one_cm":318494,"minecraft:damage_blocked_by_shield":485,"minecraft:drop":27,"minecraft:damage_dealt":7737,"minecraft:player_kills":3,"minecraft:swim_one_cm":93610,"minecraft:talked_to_villager":17,"minecraft:fly_one_cm":693367,"minecraft:open_chest":12,"minecraft:crouch_one_cm":12534,"minecraft:play_time":125998,"minecraft:deaths":6,"minecraft:sneak_time":4269,"minecraft:walk_under_water_one_cm":14862,"minecraft:boat_one_cm":63792,"minecraft:jump":2859,"minecraft:interact_with_blast_furnace":4,"minecraft:walk_on_water_one_cm":34076,"minecraft:total_world_time":125998,"minecraft:fall_one_cm":89586},"minecraft:mined":{"minecraft:white_bed":1,"minecraft:crafting_table":4,"minecraft:torch":3,"minecraft:blast_furnace":1,"minecraft:acacia_log":20,"minecraft:grass_block":77,"minecraft:tall_grass":1,"minecraft:cobblestone":4,"minecraft:oak_planks":6,"minecraft:diorite":1,"minecraft:seagrass":1,"minecraft:hay_block":33,"minecraft:acacia_sapling":3,"minecraft:birch_log":40,"minecraft:iron_ore":10,"minecraft:birch_leaves":1,"minecraft:yellow_bed":1,"minecraft:azure_bluet":1,"minecraft:grass":79,"minecraft:coal_ore":7,"minecraft:oak_log":73,"minecraft:dirt":41,"minecraft:acacia_planks":2,"minecraft:stone":200,"minecraft:oak_leaves":16,"minecraft:orange_bed":4},"minecraft:dropped":{"minecraft:bread":70,"minecraft:wheat_seeds":21,"minecraft:feather":2,"minecraft:iron_helmet":2,"minecraft:cobblestone":3,"minecraft:iron_boots":1,"minecraft:shield":1,"minecraft:iron_chestplate":1,"minecraft:melon_seeds":1,"minecraft:seagrass":1,"minecraft:iron_leggings":2,"minecraft:iron_axe":1,"minecraft:calcite":2},"minecraft:killed_by":{"minecraft:player":3,"minecraft:skeleton":1,"minecraft:llama":1},"minecraft:killed":{"minecraft:pig":1,"minecraft:iron_golem":4,"minecraft:sheep":6,"minecraft:skeleton":2,"minecraft:zombie":1,"minecraft:turtle":1,"minecraft:cow":4},"minecraft:broken":{"minecraft:stone_axe":1,"minecraft:stone_pickaxe":1},"minecraft:picked_up":{"minecraft:wooden_axe":1,"minecraft:birch_log":40,"minecraft:seagrass":1,"minecraft:crafting_table":6,"minecraft:iron_chestplate":3,"minecraft:azure_bluet":1,"minecraft:feather":1,"minecraft:brown_wool":1,"minecraft:leather":7,"minecraft:wooden_pickaxe":2,"minecraft:oak_log":72,"minecraft:yellow_bed":1,"minecraft:shield":4,"minecraft:dirt":123,"minecraft:iron_axe":4,"minecraft:iron_leggings":4,"minecraft:acacia_planks":30,"minecraft:apple":1,"minecraft:wheat_seeds":37,"minecraft:iron_ingot":22,"minecraft:beef":5,"minecraft:stone_pickaxe":1,"minecraft:oak_boat":2,"minecraft:calcite":3,"minecraft:poppy":8,"minecraft:melon_slice":6,"minecraft:oak_planks":6,"minecraft:acacia_sapling":9,"minecraft:furnace":2,"minecraft:iron_boots":3,"minecraft:egg":4,"minecraft:raw_iron":10,"minecraft:stick":9,"minecraft:oak_fence":1,"minecraft:torch":5,"minecraft:acacia_log":29,"minecraft:porkchop":2,"minecraft:blast_furnace":1,"minecraft:diorite":2,"minecraft:white_bed":1,"minecraft:orange_bed":4,"minecraft:arrow":2,"minecraft:rotten_flesh":2,"minecraft:peony":2,"minecraft:hay_block":35,"minecraft:iron_helmet":4,"minecraft:bread":46,"minecraft:oak_sapling":5,"minecraft:melon_seeds":1,"minecraft:black_wool":1,"minecraft:mutton":12,"minecraft:coal":7,"minecraft:white_wool":8,"minecraft:cobblestone":230}},"DataVersion":3465}