{"stats":{"minecraft:used":{"minecraft:iron_shovel":159,"minecraft:shield":8,"minecraft:iron_sword":29,"minecraft:iron_chestplate":2,"minecraft:oak_door":19,"minecraft:orange_bed":4,"minecraft:torch":8,"minecraft:dirt":61,"minecraft:mutton":2,"minecraft:cobblestone_wall":9,"minecraft:acacia_sapling":8,"minecraft:azure_bluet":1,"minecraft:wooden_axe":26,"minecraft:iron_axe":173,"minecraft:iron_helmet":2,"minecraft:iron_boots":2,"minecraft:furnace":2,"minecraft:oak_sapling":20,"minecraft:egg":2,"minecraft:acacia_planks":58,"minecraft:iron_leggings":2,"minecraft:calcite":1,"minecraft:cobblestone_stairs":4,"minecraft:stone_pickaxe":238,"minecraft:oak_planks":499,"minecraft:wooden_pickaxe":17,"minecraft:crafting_table":7,"minecraft:blast_furnace":1,"minecraft:white_bed":2,"minecraft:melon_slice":6,"minecraft:bread":38,"minecraft:iron_pickaxe":5,"minecraft:stone_axe":178,"minecraft:cobblestone":26,"minecraft:cooked_porkchop":4,"minecraft:smooth_stone_slab":38,"minecraft:yellow_bed":1,"minecraft:oak_boat":2,"minecraft:smooth_stone":8},"minecraft:crafted":{"minecraft:oak_door":6,"minecraft:oak_planks":644,"minecraft:smooth_stone":29,"minecraft:smooth_stone_slab":36,"minecraft:cobblestone_stairs":4,"minecraft:stone":95,"minecraft:iron_boots":1,"minecraft:iron_axe":1,"minecraft:stone_pickaxe":1,"minecraft:cobblestone_wall":60,"minecraft:wheat":315,"minecraft:cooked_porkchop":5,"minecraft:crafting_table":3,"minecraft:wooden_pickaxe":1,"minecraft:iron_helmet":1,"minecraft:iron_sword":1,"minecraft:stone_axe":2,"minecraft:bread":105,"minecraft:air":0,"minecraft:oak_boat":1,"minecraft:iron_chestplate":1,"minecraft:stick":12,"minecraft:iron_ingot":10,"minecraft:iron_pickaxe":1,"minecraft:wooden_axe":1,"minecraft:iron_shovel":1,"minecraft:iron_leggings":1,"minecraft:acacia_planks":44,"minecraft:torch":16},"minecraft:custom":{"minecraft:mob_kills":20,"minecraft:interact_with_crafting_table":27,"minecraft:bell_ring":50,"minecraft:leave_game":4,"minecraft:time_since_death":68020,"minecraft:climb_one_cm":4607,"minecraft:sprint_one_cm":472667,"minecraft:walk_one_cm":440421,"minecraft:damage_blocked_by_shield":485,"minecraft:drop":38,"minecraft:talked_to_villager":17,"minecraft:play_time":161998,"minecraft:deaths":6,"minecraft:sneak_time":6133,"minecraft:walk_under_water_one_cm":14862,"minecraft:boat_one_cm":63792,"minecraft:jump":3144,"minecraft:interact_with_blast_furnace":5,"minecraft:walk_on_water_one_cm":34303,"minecraft:total_world_time":161998,"minecraft:interact_with_furnace":35,"minecraft:sleep_in_bed":11,"minecraft:time_since_rest":738,"minecraft:damage_taken":3316,"minecraft:damage_dealt":7897,"minecraft:swim_one_cm":93610,"minecraft:fly_one_cm":765937,"minecraft:player_kills":3,"minecraft:open_chest":12,"minecraft:crouch_one_cm":22792,"minecraft:fall_one_cm":92589},"minecraft:mined":{"minecraft:white_bed":2,"minecraft:oak_door":7,"minecraft:acacia_log":20,"minecraft:grass_block":233,"minecraft:smooth_stone":8,"minecraft:hay_block":33,"minecraft:iron_ore":10,"minecraft:azure_bluet":1,"minecraft:stone":200,"minecraft:orange_bed":4,"minecraft:crafting_table":4,"minecraft:torch":3,"minecraft:blast_furnace":1,"minecraft:tall_grass":1,"minecraft:cobblestone":12,"minecraft:oak_planks":30,"minecraft:diorite":1,"minecraft:seagrass":1,"minecraft:acacia_sapling":3,"minecraft:cobblestone_wall":9,"minecraft:birch_log":47,"minecraft:birch_leaves":1,"minecraft:yellow_bed":1,"minecraft:smooth_stone_slab":3,"minecraft:grass":81,"minecraft:oak_log":162,"minecraft:coal_ore":7,"minecraft:dirt":47,"minecraft:acacia_planks":6,"minecraft:oak_leaves":34},"minecraft:dropped":{"minecraft:bread":70,"minecraft:wheat_seeds":35,"minecraft:iron_helmet":2,"minecraft:feather":2,"minecraft:cobblestone":3,"minecraft:dirt":307,"minecraft:seagrass":1,"minecraft:iron_leggings":2,"minecraft:iron_axe":1,"minecraft:iron_boots":1,"minecraft:shield":1,"minecraft:iron_chestplate":1,"minecraft:melon_seeds":1,"minecraft:acacia_sapling":1,"minecraft:calcite":2,"minecraft:egg":3},"minecraft:killed_by":{"minecraft:player":3,"minecraft:llama":1,"minecraft:skeleton":1},"minecraft:killed":{"minecraft:spider":1,"minecraft:skeleton":2,"minecraft:turtle":1,"minecraft:pig":1,"minecraft:iron_golem":4,"minecraft:sheep":6,"minecraft:zombie":1,"minecraft:cow":4},"minecraft:broken":{"minecraft:stone_pickaxe":2,"minecraft:iron_axe":1,"minecraft:stone_axe":1},"minecraft:picked_up":{"minecraft:wooden_axe":1,"minecraft:iron_chestplate":3,"minecraft:seagrass":1,"minecraft:crafting_table":6,"minecraft:azure_bluet":1,"minecraft:wooden_pickaxe":2,"minecraft:shield":4,"minecraft:smooth_stone_slab":6,"minecraft:iron_axe":4,"minecraft:iron_leggings":4,"minecraft:smooth_stone":8,"minecraft:beef":5,"minecraft:oak_boat":2,"minecraft:calcite":3,"minecraft:poppy":8,"minecraft:melon_slice":6,"minecraft:egg":5,"minecraft:iron_boots":3,"minecraft:furnace":2,"minecraft:stick":15,"minecraft:raw_iron":10,"minecraft:oak_door":13,"minecraft:oak_fence":1,"minecraft:torch":5,"minecraft:acacia_log":29,"minecraft:porkchop":2,"minecraft:diorite":2,"minecraft:orange_bed":4,"minecraft:arrow":2,"minecraft:rotten_flesh":2,"minecraft:peony":2,"minecraft:hay_block":35,"minecraft:mutton":12,"minecraft:cobblestone":238,"minecraft:white_wool":8,"minecraft:birch_log":47,"minecraft:feather":1,"minecraft:leather":7,"minecraft:brown_wool":1,"minecraft:oak_log":161,"minecraft:yellow_bed":1,"minecraft:cobblestone_wall":9,"minecraft:dirt":423,"minecraft:acacia_planks":33,"minecraft:apple":2,"minecraft:wheat_seeds":51,"minecraft:stone_pickaxe":1,"minecraft:iron_ingot":22,"minecraft:acacia_sapling":9,"minecraft:oak_planks":30,"minecraft:blast_furnace":1,"minecraft:white_bed":2,"minecraft:iron_helmet":4,"minecraft:bread":46,"minecraft:oak_sapling":20,"minecraft:black_wool":1,"minecraft:melon_seeds":1,"minecraft:coal":7}},"DataVersion":3465}